{
  "R_sq": -0.4876640652901383,
  "rmse": 85.5686517263878
}