{
  "R_sq": 0.47518556166324466,
  "rmse": 50.82356672506477
}