{
  "R_sq": 0.036326227276511025,
  "rmse": 68.10486725797671
}