{
  "R_sq": -0.1633637867450939,
  "rmse": 0.7554349151675895
}