{
  "R_sq": -0.02935200800823723,
  "rmse": 70.14264353953888
}