{
  "R_sq": 0.07968097813490616,
  "rmse": 66.3237953805986
}