{
  "R_sq": 0.45630727886267797,
  "rmse": 51.18885993279524
}