{
  "R_sq": 0.010941020034419546,
  "rmse": 68.9960496888239
}