{
  "R_sq": -0.022220685531534334,
  "rmse": 70.14318201988986
}